[{"model": "app.salesofficer", "pk": 10, "fields": {"name": "Abdulah", "commission": 10.0, "contact": "00000000000", "opening_Balance": 0.0, "current_Balance": -62273.36, "user": 19, "date": "2021-10-21"}}, {"model": "app.salesofficer", "pk": 11, "fields": {"name": "SalesMen", "commission": 0.0, "contact": "00000000000", "opening_Balance": 0.0, "current_Balance": 919109.0, "user": 22, "date": "2021-10-22"}}, {"model": "app.discountcategory", "pk": 11, "fields": {"name": "Discount Silver", "discount": 20.0}}, {"model": "app.discountcategory", "pk": 12, "fields": {"name": "Discount Gold", "discount": 40.0}}, {"model": "app.discountcategory", "pk": 13, "fields": {"name": "Discount Premium", "discount": 50.0}}, {"model": "app.category", "pk": 1, "fields": {"name": "Eggs", "date": "2021-10-14"}}, {"model": "app.category", "pk": 7, "fields": {"name": "salesofficer", "date": "2021-11-10"}}, {"model": "app.category", "pk": 8, "fields": {"name": "Clearing", "date": "2021-11-10"}}, {"model": "app.category", "pk": 9, "fields": {"name": "admin", "date": "2021-11-10"}}, {"model": "app.party", "pk": 19, "fields": {"ref_id": 20913092, "name": "Waqas", "email": "waqasdevolper@gmail.com", "area": "A", "zone": "Z", "region": "P", "contact": "00000000000", "discount": 11, "sale_officer": 10, "category": 1, "creditLimit": 100.0, "salesTarget": 300.0, "opening_Balance": 2.0, "current_Balance": -135843.6, "SCI": "Security Check Images/iTunesArtwork1x.png", "TOR": "Terms of Recoreds/iTunesArtwork3x.png", "date": "2021-11-10"}}, {"model": "app.party", "pk": 20, "fields": {"ref_id": 23, "name": "Zone", "email": "zone@admi.com", "area": "A", "zone": "Z", "region": "P", "contact": "03127073731", "discount": 11, "sale_officer": 10, "category": 7, "creditLimit": 200.0, "salesTarget": 200.0, "opening_Balance": 0.0, "current_Balance": -10000.0, "SCI": "Security Check Images/Capture_tzvWND1.PNG", "TOR": "Terms of Recoreds/Capture_uOVPBEv.PNG", "date": "2021-11-10"}}, {"model": "app.party", "pk": 21, "fields": {"ref_id": 312, "name": "TEST", "email": "test@test.co", "area": "A", "zone": "Z", "region": "R", "contact": "0", "discount": 13, "sale_officer": 10, "category": 8, "creditLimit": 200.0, "salesTarget": 300.0, "opening_Balance": 0.0, "current_Balance": 0.0, "SCI": "Security Check Images/iTunesArtwork3x.png", "TOR": "Terms of Recoreds/iTunesArtwork1x.png", "date": "2021-11-19"}}, {"model": "app.product", "pk": 1, "fields": {"name": "Desi Eggs", "type": "Pellet", "unit": "Kg", "pakage_weight": 20, "sales_price": 200.0, "cost_price": 200.0, "category": 1, "date": "2021-10-14"}}, {"model": "app.product", "pk": 4, "fields": {"name": "Chiken", "type": "CRUMSS", "unit": "10", "pakage_weight": 100, "sales_price": 200.0, "cost_price": 300.0, "category": 1, "date": "2021-10-27"}}, {"model": "app.product", "pk": 6, "fields": {"name": "Eggs", "type": "CRUMSS", "unit": "KG", "pakage_weight": 100, "sales_price": 299.0, "cost_price": 299.0, "category": 1, "date": "2021-11-10"}}, {"model": "app.bank", "pk": 4, "fields": {"name": "HBL", "account_no": "100002", "opening_Balance": 0.0, "current_Balance": 40000.0, "date": "2021-11-06"}}, {"model": "app.bank", "pk": 5, "fields": {"name": "MCB", "account_no": "233.0", "opening_Balance": 0.0, "current_Balance": 1000.0, "date": "2021-11-06"}}, {"model": "app.bank", "pk": 6, "fields": {"name": "Mezzan", "account_no": "2981090000000.0", "opening_Balance": 10.0, "current_Balance": 10.0, "date": "2021-11-06"}}, {"model": "app.salesperson", "pk": 1, "fields": {"name": "Sales Head", "opening_Balance": 0.0, "current_Balance": -224955.4, "date": "2021-10-18"}}, {"model": "app.discountperson", "pk": 1, "fields": {"name": "Discount Head", "opening_Balance": 0.0, "current_Balance": 43007.6, "date": "2021-10-18"}}, {"model": "app.freightperson", "pk": 1, "fields": {"name": "Freight Head", "opening_Balance": 0.0, "current_Balance": 7110.0, "date": "2021-10-18"}}, {"model": "app.cashperson", "pk": 1, "fields": {"name": "Person", "opening_Balance": 0.0, "current_Balance": 113610.0, "date": "2021-10-21"}}, {"model": "app.clearingperson", "pk": 1, "fields": {"name": "Clearing", "opening_Balance": 0.0, "current_Balance": 1060.0, "date": "2021-10-21"}}, {"model": "app.incentiveperson", "pk": 1, "fields": {"name": "Incentive", "opening_Balance": 0.0, "current_Balance": 9406.54, "date": "2021-10-18"}}, {"model": "app.ledger", "pk": 1, "fields": {"date": "2021-10-18", "description": null, "transaction_type": "Credit", "total_amount": 19900.0, "net_balance": -19900.0}}, {"model": "app.ledger", "pk": 3, "fields": {"date": "2021-10-18", "description": null, "transaction_type": "Credit", "total_amount": 0.0, "net_balance": -19900.0}}, {"model": "app.ledger", "pk": 5, "fields": {"date": "2021-10-18", "description": null, "transaction_type": "Credit", "total_amount": 0.0, "net_balance": -19900.0}}, {"model": "app.ledger", "pk": 7, "fields": {"date": "2021-10-18", "description": "saca", "transaction_type": "Debit", "total_amount": 0.0, "net_balance": 0.0}}, {"model": "app.ledger", "pk": 8, "fields": {"date": "2021-10-18", "description": null, "transaction_type": "Credit", "total_amount": 0.0, "net_balance": -19900.0}}, {"model": "app.ledger", "pk": 10, "fields": {"date": "2021-10-18", "description": "saca", "transaction_type": "Debit", "total_amount": 0.0, "net_balance": 0.0}}, {"model": "app.ledger", "pk": 11, "fields": {"date": "2021-10-18", "description": null, "transaction_type": "Debit", "total_amount": 1000.0, "net_balance": 1000.0}}, {"model": "app.ledger", "pk": 12, "fields": {"date": "2021-10-18", "description": null, "transaction_type": "Credit", "total_amount": 19900.0, "net_balance": -39800.0}}, {"model": "app.ledger", "pk": 14, "fields": {"date": "2021-10-18", "description": "wrewq`", "transaction_type": "Debit", "total_amount": 0.0, "net_balance": 0.0}}, {"model": "app.ledger", "pk": 15, "fields": {"date": "2021-10-18", "description": null, "transaction_type": "Debit", "total_amount": 100.0, "net_balance": 1100.0}}, {"model": "app.ledger", "pk": 23, "fields": {"date": "2021-10-18", "description": null, "transaction_type": "Debit", "total_amount": 9950.0, "net_balance": 9950.0}}, {"model": "app.ledger", "pk": 27, "fields": {"date": "2021-10-18", "description": null, "transaction_type": "Debit", "total_amount": 9950.0, "net_balance": 19900.0}}, {"model": "app.ledger", "pk": 31, "fields": {"date": "2021-10-18", "description": null, "transaction_type": "Debit", "total_amount": 9950.0, "net_balance": 29850.0}}, {"model": "app.ledger", "pk": 35, "fields": {"date": "2021-10-18", "description": null, "transaction_type": "Debit", "total_amount": 9950.0, "net_balance": 39800.0}}, {"model": "app.ledger", "pk": 36, "fields": {"date": "2021-10-18", "description": null, "transaction_type": "Credit", "total_amount": 0.0, "net_balance": -39800.0}}, {"model": "app.ledger", "pk": 38, "fields": {"date": "2021-10-18", "description": "xyz", "transaction_type": "Debit", "total_amount": 0.0, "net_balance": 0.0}}, {"model": "app.ledger", "pk": 39, "fields": {"date": "2021-10-18", "description": null, "transaction_type": "Debit", "total_amount": 1000.0, "net_balance": 2100.0}}, {"model": "app.ledger", "pk": 40, "fields": {"date": "2021-10-18", "description": null, "transaction_type": "Credit", "total_amount": 0.0, "net_balance": -39800.0}}, {"model": "app.ledger", "pk": 42, "fields": {"date": "2021-10-18", "description": "xyz", "transaction_type": "Debit", "total_amount": 0.0, "net_balance": 0.0}}, {"model": "app.ledger", "pk": 43, "fields": {"date": "2021-10-18", "description": null, "transaction_type": "Debit", "total_amount": 100.0, "net_balance": 2200.0}}, {"model": "app.ledger", "pk": 47, "fields": {"date": "2021-10-20", "description": null, "transaction_type": "Debit", "total_amount": 0.0, "net_balance": 39800.0}}, {"model": "app.ledger", "pk": 51, "fields": {"date": "2021-10-20", "description": null, "transaction_type": "Debit", "total_amount": 0.0, "net_balance": 39800.0}}, {"model": "app.ledger", "pk": 55, "fields": {"date": "2021-10-20", "description": null, "transaction_type": "Debit", "total_amount": 0.0, "net_balance": 39800.0}}, {"model": "app.ledger", "pk": 59, "fields": {"date": "2021-10-20", "description": null, "transaction_type": "Debit", "total_amount": 0.0, "net_balance": 39800.0}}, {"model": "app.ledger", "pk": 63, "fields": {"date": "2021-10-20", "description": null, "transaction_type": "Debit", "total_amount": 0.0, "net_balance": 39800.0}}, {"model": "app.ledger", "pk": 67, "fields": {"date": "2021-10-20", "description": null, "transaction_type": "Debit", "total_amount": 0.0, "net_balance": 39800.0}}, {"model": "app.ledger", "pk": 71, "fields": {"date": "2021-10-20", "description": null, "transaction_type": "Debit", "total_amount": 0.0, "net_balance": 39800.0}}, {"model": "app.ledger", "pk": 75, "fields": {"date": "2021-10-20", "description": null, "transaction_type": "Debit", "total_amount": 0.0, "net_balance": 39800.0}}, {"model": "app.ledger", "pk": 79, "fields": {"date": "2021-10-20", "description": null, "transaction_type": "Debit", "total_amount": 0.0, "net_balance": 39800.0}}, {"model": "app.ledger", "pk": 80, "fields": {"date": "2021-10-21", "description": null, "transaction_type": "Credit", "total_amount": 900.0, "net_balance": -40700.0}}, {"model": "app.ledger", "pk": 81, "fields": {"date": "2021-10-21", "description": "", "transaction_type": "Credit", "total_amount": 810.0, "net_balance": -810.0}}, {"model": "app.ledger", "pk": 82, "fields": {"date": "2021-10-21", "description": "", "transaction_type": "Debit", "total_amount": 90.0, "net_balance": 90.0}}, {"model": "app.ledger", "pk": 83, "fields": {"date": "2021-10-21", "description": null, "transaction_type": "Debit", "total_amount": 100.0, "net_balance": 2300.0}}, {"model": "app.ledger", "pk": 88, "fields": {"date": "2021-10-21", "description": null, "transaction_type": "Credit", "total_amount": 19900.0, "net_balance": -60600.0}}, {"model": "app.ledger", "pk": 89, "fields": {"date": "2021-10-21", "description": "salad", "transaction_type": "Credit", "total_amount": 17910.0, "net_balance": -18720.0}}, {"model": "app.ledger", "pk": 90, "fields": {"date": "2021-10-21", "description": "salad", "transaction_type": "Debit", "total_amount": 1990.0, "net_balance": 2080.0}}, {"model": "app.ledger", "pk": 91, "fields": {"date": "2021-10-21", "description": null, "transaction_type": "Debit", "total_amount": 100.0, "net_balance": 2400.0}}, {"model": "app.ledger", "pk": 102, "fields": {"date": "2021-10-21", "description": null, "transaction_type": "Credit", "total_amount": 1000.0, "net_balance": -61600.0}}, {"model": "app.ledger", "pk": 103, "fields": {"date": "2021-10-21", "description": "", "transaction_type": "Credit", "total_amount": 900.0, "net_balance": -19620.0}}, {"model": "app.ledger", "pk": 104, "fields": {"date": "2021-10-21", "description": "", "transaction_type": "Debit", "total_amount": 100.0, "net_balance": 2180.0}}, {"model": "app.ledger", "pk": 105, "fields": {"date": "2021-10-21", "description": null, "transaction_type": "Debit", "total_amount": 1000.0, "net_balance": 3400.0}}, {"model": "app.ledger", "pk": 122, "fields": {"date": "2021-10-23", "description": null, "transaction_type": "Credit", "total_amount": 11190.0, "net_balance": -72790.0}}, {"model": "app.ledger", "pk": 123, "fields": {"date": "2021-10-23", "description": "", "transaction_type": "Credit", "total_amount": 11190.0, "net_balance": -11190.0}}, {"model": "app.ledger", "pk": 124, "fields": {"date": "2021-10-23", "description": "", "transaction_type": "Debit", "total_amount": 0.0, "net_balance": 2180.0}}, {"model": "app.ledger", "pk": 125, "fields": {"date": "2021-10-23", "description": null, "transaction_type": "Debit", "total_amount": 10.0, "net_balance": 3410.0}}, {"model": "app.ledger", "pk": 127, "fields": {"date": "2021-10-25", "description": "", "transaction_type": "Debit", "total_amount": 60.0, "net_balance": 60.0}}, {"model": "app.ledger", "pk": 129, "fields": {"date": "2021-10-25", "description": "100", "transaction_type": "Debit", "total_amount": 100.0, "net_balance": 100.0}}, {"model": "app.ledger", "pk": 131, "fields": {"date": "2021-10-26", "description": "asdad", "transaction_type": "Credit", "total_amount": 1000.0, "net_balance": -12190.0}}, {"model": "app.ledger", "pk": 133, "fields": {"date": "2021-10-26", "description": "asdad", "transaction_type": "Debit", "total_amount": 1000.0, "net_balance": -18620.0}}, {"model": "app.ledger", "pk": 135, "fields": {"date": "2021-10-26", "description": "dsfsdfsdf", "transaction_type": "Credit", "total_amount": 1200.0, "net_balance": -19820.0}}, {"model": "app.ledger", "pk": 136, "fields": {"date": "2021-10-26", "description": null, "transaction_type": "Credit", "total_amount": 6000.0, "net_balance": -78790.0}}, {"model": "app.ledger", "pk": 137, "fields": {"date": "2021-10-26", "description": "dsad", "transaction_type": "Credit", "total_amount": 6000.0, "net_balance": -18190.0}}, {"model": "app.ledger", "pk": 138, "fields": {"date": "2021-10-26", "description": "dsad", "transaction_type": "Debit", "total_amount": 0.0, "net_balance": 2180.0}}, {"model": "app.ledger", "pk": 139, "fields": {"date": "2021-10-26", "description": null, "transaction_type": "Debit", "total_amount": 100.0, "net_balance": 3510.0}}, {"model": "app.ledger", "pk": 144, "fields": {"date": "2021-10-27", "description": null, "transaction_type": "Credit", "total_amount": 700.0, "net_balance": -79490.0}}, {"model": "app.ledger", "pk": 145, "fields": {"date": "2021-10-27", "description": "sada", "transaction_type": "Credit", "total_amount": 630.0, "net_balance": -20450.0}}, {"model": "app.ledger", "pk": 146, "fields": {"date": "2021-10-27", "description": "sada", "transaction_type": "Debit", "total_amount": 70.0, "net_balance": 2250.0}}, {"model": "app.ledger", "pk": 147, "fields": {"date": "2021-10-27", "description": null, "transaction_type": "Debit", "total_amount": 100.0, "net_balance": 3610.0}}, {"model": "app.ledger", "pk": 156, "fields": {"date": "2021-10-27", "description": null, "transaction_type": "Credit", "total_amount": 1900.0, "net_balance": -81390.0}}, {"model": "app.ledger", "pk": 157, "fields": {"date": "2021-10-27", "description": "sda", "transaction_type": "Credit", "total_amount": 1900.0, "net_balance": -20090.0}}, {"model": "app.ledger", "pk": 158, "fields": {"date": "2021-10-27", "description": "sda", "transaction_type": "Debit", "total_amount": 0.0, "net_balance": 2250.0}}, {"model": "app.ledger", "pk": 159, "fields": {"date": "2021-10-27", "description": null, "transaction_type": "Debit", "total_amount": 100.0, "net_balance": 3710.0}}, {"model": "app.ledger", "pk": 164, "fields": {"date": "2021-10-27", "description": null, "transaction_type": "Credit", "total_amount": 1900.0, "net_balance": -83290.0}}, {"model": "app.ledger", "pk": 165, "fields": {"date": "2021-10-27", "description": "sada", "transaction_type": "Credit", "total_amount": 1900.0, "net_balance": -21990.0}}, {"model": "app.ledger", "pk": 166, "fields": {"date": "2021-10-27", "description": "sada", "transaction_type": "Debit", "total_amount": 0.0, "net_balance": 2250.0}}, {"model": "app.ledger", "pk": 167, "fields": {"date": "2021-10-27", "description": null, "transaction_type": "Debit", "total_amount": 100.0, "net_balance": 3810.0}}, {"model": "app.ledger", "pk": 179, "fields": {"date": "2021-10-28", "description": "abc xyz", "transaction_type": "Debit", "total_amount": 1000.0, "net_balance": 1060.0}}, {"model": "app.ledger", "pk": 184, "fields": {"date": "2021-10-28", "description": "asdsad", "transaction_type": "Debit", "total_amount": 1000.0, "net_balance": -9990.0}}, {"model": "app.ledger", "pk": 189, "fields": {"date": "2021-10-28", "description": "abc", "transaction_type": "Debit", "total_amount": 100.0, "net_balance": -9890.0}}, {"model": "app.ledger", "pk": 191, "fields": {"date": "2021-10-28", "description": "aaaaa", "transaction_type": "Debit", "total_amount": 999999.0, "net_balance": 990109.0}}, {"model": "app.ledger", "pk": 192, "fields": {"date": "2021-10-28", "description": null, "transaction_type": "Credit", "total_amount": 30500.0, "net_balance": -113790.0}}, {"model": "app.ledger", "pk": 193, "fields": {"date": "2021-10-28", "description": "asda", "transaction_type": "Credit", "total_amount": 30500.0, "net_balance": 959609.0}}, {"model": "app.ledger", "pk": 194, "fields": {"date": "2021-10-28", "description": "asda", "transaction_type": "Debit", "total_amount": 0.0, "net_balance": 2250.0}}, {"model": "app.ledger", "pk": 195, "fields": {"date": "2021-10-28", "description": "asda", "transaction_type": "Debit", "total_amount": 1500.0, "net_balance": 5310.0}}, {"model": "app.ledger", "pk": 196, "fields": {"date": "2021-10-28", "description": null, "transaction_type": "Credit", "total_amount": 900.0, "net_balance": -114690.0}}, {"model": "app.ledger", "pk": 198, "fields": {"date": "2021-10-28", "description": "nsadnsaknd", "transaction_type": "Debit", "total_amount": 180.0, "net_balance": 2430.0}}, {"model": "app.ledger", "pk": 199, "fields": {"date": "2021-10-28", "description": "nsadnsaknd", "transaction_type": "Debit", "total_amount": 100.0, "net_balance": 5410.0}}, {"model": "app.ledger", "pk": 203, "fields": {"date": "2021-10-28", "description": null, "transaction_type": "Debit", "total_amount": 450.0, "net_balance": 40250.0}}, {"model": "app.ledger", "pk": 204, "fields": {"date": "2021-11-08", "description": null, "transaction_type": "Credit", "total_amount": 2300.0, "net_balance": -116990.0}}, {"model": "app.ledger", "pk": 205, "fields": {"date": "2021-11-08", "description": "dsad", "transaction_type": "Credit", "total_amount": 2070.0, "net_balance": -22520.0}}, {"model": "app.ledger", "pk": 206, "fields": {"date": "2021-11-08", "description": "dsad", "transaction_type": "Debit", "total_amount": 230.0, "net_balance": 2660.0}}, {"model": "app.ledger", "pk": 207, "fields": {"date": "2021-11-08", "description": "dsad", "transaction_type": "Debit", "total_amount": 100.0, "net_balance": 5510.0}}, {"model": "app.ledger", "pk": 208, "fields": {"date": "2021-11-12", "description": null, "transaction_type": "Credit", "total_amount": 2200.0, "net_balance": -119190.0}}, {"model": "app.ledger", "pk": 209, "fields": {"date": "2021-11-12", "description": "", "transaction_type": "Credit", "total_amount": 2200.0, "net_balance": 957409.0}}, {"model": "app.ledger", "pk": 210, "fields": {"date": "2021-11-12", "description": "", "transaction_type": "Debit", "total_amount": 0.0, "net_balance": 2660.0}}, {"model": "app.ledger", "pk": 211, "fields": {"date": "2021-11-12", "description": "", "transaction_type": "Debit", "total_amount": 1000.0, "net_balance": 6510.0}}, {"model": "app.ledger", "pk": 212, "fields": {"date": "2021-11-12", "description": "ds", "transaction_type": "Credit", "total_amount": 220.0, "net_balance": -218.0}}, {"model": "app.ledger", "pk": 213, "fields": {"date": "2021-11-12", "description": "ds", "transaction_type": "Debit", "total_amount": 220.0, "net_balance": 320.0}}, {"model": "app.ledger", "pk": 214, "fields": {"date": "2021-11-12", "description": "asd", "transaction_type": "Debit", "total_amount": 2200.0, "net_balance": 1982.0}}, {"model": "app.ledger", "pk": 215, "fields": {"date": "2021-11-12", "description": "asd", "transaction_type": "Credit", "total_amount": 1000.0, "net_balance": 982.0}}, {"model": "app.ledger", "pk": 216, "fields": {"date": "2021-11-12", "description": "asd", "transaction_type": "Credit", "total_amount": 440.0, "net_balance": 542.0}}, {"model": "app.ledger", "pk": 217, "fields": {"date": "2021-11-12", "description": null, "transaction_type": "Debit", "total_amount": 440.0, "net_balance": 40690.0}}, {"model": "app.ledger", "pk": 218, "fields": {"date": "2021-11-12", "description": null, "transaction_type": "Credit", "total_amount": 31900.0, "net_balance": -151090.0}}, {"model": "app.ledger", "pk": 219, "fields": {"date": "2021-11-12", "description": "sada", "transaction_type": "Credit", "total_amount": 28710.0, "net_balance": -51230.0}}, {"model": "app.ledger", "pk": 220, "fields": {"date": "2021-11-12", "description": "sada", "transaction_type": "Debit", "total_amount": 3190.0, "net_balance": 5850.0}}, {"model": "app.ledger", "pk": 221, "fields": {"date": "2021-11-12", "description": "sada", "transaction_type": "Debit", "total_amount": 100.0, "net_balance": 6610.0}}, {"model": "app.ledger", "pk": 222, "fields": {"date": "2021-11-12", "description": null, "transaction_type": "Credit", "total_amount": 3100.0, "net_balance": -154190.0}}, {"model": "app.ledger", "pk": 223, "fields": {"date": "2021-11-12", "description": "12", "transaction_type": "Credit", "total_amount": 2790.0, "net_balance": -54020.0}}, {"model": "app.ledger", "pk": 224, "fields": {"date": "2021-11-12", "description": "12", "transaction_type": "Debit", "total_amount": 310.0, "net_balance": 6160.0}}, {"model": "app.ledger", "pk": 225, "fields": {"date": "2021-11-12", "description": "12", "transaction_type": "Debit", "total_amount": 100.0, "net_balance": 6710.0}}, {"model": "app.ledger", "pk": 226, "fields": {"date": "2021-11-12", "description": null, "transaction_type": "Credit", "total_amount": 38300.0, "net_balance": -192490.0}}, {"model": "app.ledger", "pk": 227, "fields": {"date": "2021-11-12", "description": "swaa", "transaction_type": "Credit", "total_amount": 38300.0, "net_balance": 919109.0}}, {"model": "app.ledger", "pk": 228, "fields": {"date": "2021-11-12", "description": "swaa", "transaction_type": "Debit", "total_amount": 0.0, "net_balance": 6160.0}}, {"model": "app.ledger", "pk": 229, "fields": {"date": "2021-11-12", "description": "swaa", "transaction_type": "Debit", "total_amount": 100.0, "net_balance": 6810.0}}, {"model": "app.ledger", "pk": 230, "fields": {"date": "2021-11-17", "description": "asda", "transaction_type": "Credit", "total_amount": 100.0, "net_balance": 442.0}}, {"model": "app.ledger", "pk": 231, "fields": {"date": "2021-11-17", "description": "asda", "transaction_type": "Debit", "total_amount": 100.0, "net_balance": 420.0}}, {"model": "app.ledger", "pk": 232, "fields": {"date": "2021-11-19", "description": null, "transaction_type": "Credit", "total_amount": 6070.4, "net_balance": -198560.4}}, {"model": "app.ledger", "pk": 233, "fields": {"date": "2021-11-19", "description": "asd", "transaction_type": "Credit", "total_amount": 5463.36, "net_balance": -59483.36}}, {"model": "app.ledger", "pk": 234, "fields": {"date": "2021-11-19", "description": "asd", "transaction_type": "Debit", "total_amount": 607.04, "net_balance": 6767.04}}, {"model": "app.ledger", "pk": 235, "fields": {"date": "2021-11-19", "description": "asd", "transaction_type": "Debit", "total_amount": 0.0, "net_balance": 6810.0}}, {"model": "app.ledger", "pk": 236, "fields": {"date": "2021-11-19", "description": "asd", "transaction_type": "Debit", "total_amount": 5948.4, "net_balance": 6390.4}}, {"model": "app.ledger", "pk": 237, "fields": {"date": "2021-11-19", "description": "asd", "transaction_type": "Credit", "total_amount": 122.0, "net_balance": 6268.4}}, {"model": "app.ledger", "pk": 238, "fields": {"date": "2021-11-19", "description": "asd", "transaction_type": "Credit", "total_amount": 122.0, "net_balance": 6146.4}}, {"model": "app.ledger", "pk": 239, "fields": {"date": "2021-11-19", "description": null, "transaction_type": "Debit", "total_amount": 1517.6000000000001, "net_balance": 42207.6}}, {"model": "app.ledger", "pk": 248, "fields": {"date": "2021-11-20", "description": null, "transaction_type": "Credit", "total_amount": 23295.0, "net_balance": -221855.4}}, {"model": "app.ledger", "pk": 250, "fields": {"date": "2021-11-20", "description": "adas", "transaction_type": "Debit", "total_amount": 2329.5, "net_balance": 9096.54}}, {"model": "app.ledger", "pk": 251, "fields": {"date": "2021-11-20", "description": "adas", "transaction_type": "Debit", "total_amount": 200.0, "net_balance": 7010.0}}, {"model": "app.ledger", "pk": 256, "fields": {"date": "2021-11-23", "description": "asd", "transaction_type": "Credit", "total_amount": 1000.0, "net_balance": 5146.4}}, {"model": "app.ledger", "pk": 257, "fields": {"date": "2021-11-23", "description": "asd", "transaction_type": "Debit", "total_amount": 1000.0, "net_balance": 1000.0}}, {"model": "app.ledger", "pk": 260, "fields": {"date": "2021-12-06", "description": "", "transaction_type": "Credit", "total_amount": 100000.0, "net_balance": -94853.6}}, {"model": "app.ledger", "pk": 261, "fields": {"date": "2021-12-06", "description": "", "transaction_type": "Debit", "total_amount": 100000.0, "net_balance": 100420.0}}, {"model": "app.ledger", "pk": 262, "fields": {"date": "2021-12-06", "description": "", "transaction_type": "Credit", "total_amount": 10000.0, "net_balance": -104853.6}}, {"model": "app.ledger", "pk": 263, "fields": {"date": "2021-12-06", "description": "", "transaction_type": "Debit", "total_amount": 10000.0, "net_balance": 110420.0}}, {"model": "app.ledger", "pk": 264, "fields": {"date": "2021-12-06", "description": "", "transaction_type": "Credit", "total_amount": 3190.0, "net_balance": -108043.6}}, {"model": "app.ledger", "pk": 265, "fields": {"date": "2021-12-06", "description": "", "transaction_type": "Debit", "total_amount": 3190.0, "net_balance": 113610.0}}, {"model": "app.ledger", "pk": 266, "fields": {"date": "2021-12-06", "description": "asdadsad as wd", "transaction_type": "Credit", "total_amount": 30000.0, "net_balance": -138043.6}}, {"model": "app.ledger", "pk": 267, "fields": {"date": "2021-12-06", "description": "asdadsad as wd", "transaction_type": "Debit", "total_amount": 30000.0, "net_balance": 30000.0}}, {"model": "app.ledger", "pk": 268, "fields": {"date": "2021-12-06", "description": "sadad", "transaction_type": "Credit", "total_amount": 10000.0, "net_balance": -10000.0}}, {"model": "app.ledger", "pk": 269, "fields": {"date": "2021-12-06", "description": "sadad", "transaction_type": "Debit", "total_amount": 10000.0, "net_balance": 40000.0}}, {"model": "app.ledger", "pk": 270, "fields": {"date": "2022-01-06", "description": null, "transaction_type": "Credit", "total_amount": 3100.0, "net_balance": -224955.4}}, {"model": "app.ledger", "pk": 271, "fields": {"date": "2022-01-06", "description": "dasd", "transaction_type": "Credit", "total_amount": 2790.0, "net_balance": -62273.36}}, {"model": "app.ledger", "pk": 272, "fields": {"date": "2022-01-06", "description": "dasd", "transaction_type": "Debit", "total_amount": 310.0, "net_balance": 9406.54}}, {"model": "app.ledger", "pk": 273, "fields": {"date": "2022-01-06", "description": "dasd", "transaction_type": "Debit", "total_amount": 100.0, "net_balance": 7110.0}}, {"model": "app.ledger", "pk": 274, "fields": {"date": "2022-01-06", "description": "dasd", "transaction_type": "Debit", "total_amount": 3100.0, "net_balance": -134943.6}}, {"model": "app.ledger", "pk": 275, "fields": {"date": "2022-01-06", "description": "dasd", "transaction_type": "Credit", "total_amount": 100.0, "net_balance": -135043.6}}, {"model": "app.ledger", "pk": 276, "fields": {"date": "2022-01-06", "description": "dasd", "transaction_type": "Credit", "total_amount": 800.0, "net_balance": -135843.6}}, {"model": "app.ledger", "pk": 277, "fields": {"date": "2022-01-06", "description": null, "transaction_type": "Debit", "total_amount": 800.0, "net_balance": 43007.6}}, {"model": "app.partyledger", "pk": 212, "fields": {"party": 19, "sales_officer": 11, "freight": 1000.0}}, {"model": "app.partyledger", "pk": 214, "fields": {"party": 19, "sales_officer": 11, "freight": 1000.0}}, {"model": "app.partyledger", "pk": 215, "fields": {"party": 19, "sales_officer": 11, "freight": 1000.0}}, {"model": "app.partyledger", "pk": 216, "fields": {"party": 19, "sales_officer": 11, "freight": null}}, {"model": "app.partyledger", "pk": 230, "fields": {"party": 19, "sales_officer": 10, "freight": 100.0}}, {"model": "app.partyledger", "pk": 236, "fields": {"party": 19, "sales_officer": 10, "freight": 122.0}}, {"model": "app.partyledger", "pk": 237, "fields": {"party": 19, "sales_officer": 10, "freight": 122.0}}, {"model": "app.partyledger", "pk": 238, "fields": {"party": 19, "sales_officer": 10, "freight": null}}, {"model": "app.partyledger", "pk": 256, "fields": {"party": 19, "sales_officer": 10, "freight": 100.0}}, {"model": "app.partyledger", "pk": 260, "fields": {"party": 19, "sales_officer": 11, "freight": 100.0}}, {"model": "app.partyledger", "pk": 262, "fields": {"party": 19, "sales_officer": 10, "freight": 100.0}}, {"model": "app.partyledger", "pk": 264, "fields": {"party": 19, "sales_officer": 11, "freight": 100.0}}, {"model": "app.partyledger", "pk": 266, "fields": {"party": 19, "sales_officer": 11, "freight": null}}, {"model": "app.partyledger", "pk": 268, "fields": {"party": 20, "sales_officer": 11, "freight": null}}, {"model": "app.partyledger", "pk": 274, "fields": {"party": 19, "sales_officer": 10, "freight": 100.0}}, {"model": "app.partyledger", "pk": 275, "fields": {"party": 19, "sales_officer": 10, "freight": 100.0}}, {"model": "app.partyledger", "pk": 276, "fields": {"party": 19, "sales_officer": 10, "freight": null}}, {"model": "app.salesofficerledger", "pk": 81, "fields": {"sales_officer": 10, "party_order": 1}}, {"model": "app.salesofficerledger", "pk": 89, "fields": {"sales_officer": 10, "party_order": 2}}, {"model": "app.salesofficerledger", "pk": 103, "fields": {"sales_officer": 10, "party_order": 3}}, {"model": "app.salesofficerledger", "pk": 123, "fields": {"sales_officer": 11, "party_order": 33}}, {"model": "app.salesofficerledger", "pk": 131, "fields": {"sales_officer": 11, "party_order": null}}, {"model": "app.salesofficerledger", "pk": 133, "fields": {"sales_officer": 10, "party_order": null}}, {"model": "app.salesofficerledger", "pk": 135, "fields": {"sales_officer": 10, "party_order": null}}, {"model": "app.salesofficerledger", "pk": 137, "fields": {"sales_officer": 11, "party_order": 34}}, {"model": "app.salesofficerledger", "pk": 145, "fields": {"sales_officer": 10, "party_order": 41}}, {"model": "app.salesofficerledger", "pk": 157, "fields": {"sales_officer": 11, "party_order": 42}}, {"model": "app.salesofficerledger", "pk": 165, "fields": {"sales_officer": 11, "party_order": 43}}, {"model": "app.salesofficerledger", "pk": 184, "fields": {"sales_officer": 11, "party_order": 43}}, {"model": "app.salesofficerledger", "pk": 189, "fields": {"sales_officer": 11, "party_order": 44}}, {"model": "app.salesofficerledger", "pk": 191, "fields": {"sales_officer": 11, "party_order": 44}}, {"model": "app.salesofficerledger", "pk": 193, "fields": {"sales_officer": 11, "party_order": 45}}, {"model": "app.salesofficerledger", "pk": 205, "fields": {"sales_officer": 10, "party_order": 47}}, {"model": "app.salesofficerledger", "pk": 209, "fields": {"sales_officer": 11, "party_order": 75}}, {"model": "app.salesofficerledger", "pk": 219, "fields": {"sales_officer": 10, "party_order": 78}}, {"model": "app.salesofficerledger", "pk": 223, "fields": {"sales_officer": 10, "party_order": 77}}, {"model": "app.salesofficerledger", "pk": 227, "fields": {"sales_officer": 11, "party_order": 76}}, {"model": "app.salesofficerledger", "pk": 233, "fields": {"sales_officer": 10, "party_order": 86}}, {"model": "app.salesofficerledger", "pk": 271, "fields": {"sales_officer": 10, "party_order": 102}}, {"model": "app.bankledger", "pk": 257, "fields": {"bank": 5}}, {"model": "app.bankledger", "pk": 267, "fields": {"bank": 4}}, {"model": "app.bankledger", "pk": 269, "fields": {"bank": 4}}, {"model": "app.salesledger", "pk": 1, "fields": {"sales_person": 1}}, {"model": "app.salesledger", "pk": 3, "fields": {"sales_person": 1}}, {"model": "app.salesledger", "pk": 5, "fields": {"sales_person": 1}}, {"model": "app.salesledger", "pk": 8, "fields": {"sales_person": 1}}, {"model": "app.salesledger", "pk": 12, "fields": {"sales_person": 1}}, {"model": "app.salesledger", "pk": 36, "fields": {"sales_person": 1}}, {"model": "app.salesledger", "pk": 40, "fields": {"sales_person": 1}}, {"model": "app.salesledger", "pk": 80, "fields": {"sales_person": 1}}, {"model": "app.salesledger", "pk": 88, "fields": {"sales_person": 1}}, {"model": "app.salesledger", "pk": 102, "fields": {"sales_person": 1}}, {"model": "app.salesledger", "pk": 122, "fields": {"sales_person": 1}}, {"model": "app.salesledger", "pk": 136, "fields": {"sales_person": 1}}, {"model": "app.salesledger", "pk": 144, "fields": {"sales_person": 1}}, {"model": "app.salesledger", "pk": 156, "fields": {"sales_person": 1}}, {"model": "app.salesledger", "pk": 164, "fields": {"sales_person": 1}}, {"model": "app.salesledger", "pk": 192, "fields": {"sales_person": 1}}, {"model": "app.salesledger", "pk": 196, "fields": {"sales_person": 1}}, {"model": "app.salesledger", "pk": 204, "fields": {"sales_person": 1}}, {"model": "app.salesledger", "pk": 208, "fields": {"sales_person": 1}}, {"model": "app.salesledger", "pk": 218, "fields": {"sales_person": 1}}, {"model": "app.salesledger", "pk": 222, "fields": {"sales_person": 1}}, {"model": "app.salesledger", "pk": 226, "fields": {"sales_person": 1}}, {"model": "app.salesledger", "pk": 232, "fields": {"sales_person": 1}}, {"model": "app.salesledger", "pk": 248, "fields": {"sales_person": 1}}, {"model": "app.salesledger", "pk": 270, "fields": {"sales_person": 1}}, {"model": "app.freightledger", "pk": 11, "fields": {"freight_person": 1, "freight": 1000.0}}, {"model": "app.freightledger", "pk": 15, "fields": {"freight_person": 1, "freight": 100.0}}, {"model": "app.freightledger", "pk": 39, "fields": {"freight_person": 1, "freight": 1000.0}}, {"model": "app.freightledger", "pk": 43, "fields": {"freight_person": 1, "freight": 100.0}}, {"model": "app.freightledger", "pk": 83, "fields": {"freight_person": 1, "freight": 100.0}}, {"model": "app.freightledger", "pk": 91, "fields": {"freight_person": 1, "freight": 100.0}}, {"model": "app.freightledger", "pk": 105, "fields": {"freight_person": 1, "freight": 1000.0}}, {"model": "app.freightledger", "pk": 125, "fields": {"freight_person": 1, "freight": 10.0}}, {"model": "app.freightledger", "pk": 139, "fields": {"freight_person": 1, "freight": 100.0}}, {"model": "app.freightledger", "pk": 147, "fields": {"freight_person": 1, "freight": 100.0}}, {"model": "app.freightledger", "pk": 159, "fields": {"freight_person": 1, "freight": 100.0}}, {"model": "app.freightledger", "pk": 167, "fields": {"freight_person": 1, "freight": 100.0}}, {"model": "app.freightledger", "pk": 195, "fields": {"freight_person": 1, "freight": 1500.0}}, {"model": "app.freightledger", "pk": 199, "fields": {"freight_person": 1, "freight": 100.0}}, {"model": "app.freightledger", "pk": 207, "fields": {"freight_person": 1, "freight": 100.0}}, {"model": "app.freightledger", "pk": 211, "fields": {"freight_person": 1, "freight": 1000.0}}, {"model": "app.freightledger", "pk": 221, "fields": {"freight_person": 1, "freight": 100.0}}, {"model": "app.freightledger", "pk": 225, "fields": {"freight_person": 1, "freight": 100.0}}, {"model": "app.freightledger", "pk": 229, "fields": {"freight_person": 1, "freight": 100.0}}, {"model": "app.freightledger", "pk": 235, "fields": {"freight_person": 1, "freight": 0.0}}, {"model": "app.freightledger", "pk": 251, "fields": {"freight_person": 1, "freight": 200.0}}, {"model": "app.freightledger", "pk": 273, "fields": {"freight_person": 1, "freight": 100.0}}, {"model": "app.discountledger", "pk": 23, "fields": {"discount_person": 1, "discounted_amount": 9950.0}}, {"model": "app.discountledger", "pk": 27, "fields": {"discount_person": 1, "discounted_amount": 9950.0}}, {"model": "app.discountledger", "pk": 31, "fields": {"discount_person": 1, "discounted_amount": 9950.0}}, {"model": "app.discountledger", "pk": 35, "fields": {"discount_person": 1, "discounted_amount": 9950.0}}, {"model": "app.discountledger", "pk": 47, "fields": {"discount_person": 1, "discounted_amount": 0.0}}, {"model": "app.discountledger", "pk": 51, "fields": {"discount_person": 1, "discounted_amount": 0.0}}, {"model": "app.discountledger", "pk": 55, "fields": {"discount_person": 1, "discounted_amount": 0.0}}, {"model": "app.discountledger", "pk": 59, "fields": {"discount_person": 1, "discounted_amount": 0.0}}, {"model": "app.discountledger", "pk": 63, "fields": {"discount_person": 1, "discounted_amount": 0.0}}, {"model": "app.discountledger", "pk": 67, "fields": {"discount_person": 1, "discounted_amount": 0.0}}, {"model": "app.discountledger", "pk": 71, "fields": {"discount_person": 1, "discounted_amount": 0.0}}, {"model": "app.discountledger", "pk": 75, "fields": {"discount_person": 1, "discounted_amount": 0.0}}, {"model": "app.discountledger", "pk": 79, "fields": {"discount_person": 1, "discounted_amount": 0.0}}, {"model": "app.discountledger", "pk": 203, "fields": {"discount_person": 1, "discounted_amount": 450.0}}, {"model": "app.discountledger", "pk": 217, "fields": {"discount_person": 1, "discounted_amount": 440.0}}, {"model": "app.discountledger", "pk": 239, "fields": {"discount_person": 1, "discounted_amount": 1517.6000000000001}}, {"model": "app.discountledger", "pk": 277, "fields": {"discount_person": 1, "discounted_amount": 800.0}}, {"model": "app.cashledger", "pk": 129, "fields": {"cash_person": 1}}, {"model": "app.cashledger", "pk": 213, "fields": {"cash_person": 1}}, {"model": "app.cashledger", "pk": 231, "fields": {"cash_person": 1}}, {"model": "app.cashledger", "pk": 261, "fields": {"cash_person": 1}}, {"model": "app.cashledger", "pk": 263, "fields": {"cash_person": 1}}, {"model": "app.cashledger", "pk": 265, "fields": {"cash_person": 1}}, {"model": "app.clearingledger", "pk": 127, "fields": {"clearing_person": 1}}, {"model": "app.clearingledger", "pk": 179, "fields": {"clearing_person": 1}}, {"model": "app.incentiveledger", "pk": 7, "fields": {"incentive_person": 1}}, {"model": "app.incentiveledger", "pk": 10, "fields": {"incentive_person": 1}}, {"model": "app.incentiveledger", "pk": 14, "fields": {"incentive_person": 1}}, {"model": "app.incentiveledger", "pk": 38, "fields": {"incentive_person": 1}}, {"model": "app.incentiveledger", "pk": 42, "fields": {"incentive_person": 1}}, {"model": "app.incentiveledger", "pk": 82, "fields": {"incentive_person": 1}}, {"model": "app.incentiveledger", "pk": 90, "fields": {"incentive_person": 1}}, {"model": "app.incentiveledger", "pk": 104, "fields": {"incentive_person": 1}}, {"model": "app.incentiveledger", "pk": 124, "fields": {"incentive_person": 1}}, {"model": "app.incentiveledger", "pk": 138, "fields": {"incentive_person": 1}}, {"model": "app.incentiveledger", "pk": 146, "fields": {"incentive_person": 1}}, {"model": "app.incentiveledger", "pk": 158, "fields": {"incentive_person": 1}}, {"model": "app.incentiveledger", "pk": 166, "fields": {"incentive_person": 1}}, {"model": "app.incentiveledger", "pk": 194, "fields": {"incentive_person": 1}}, {"model": "app.incentiveledger", "pk": 198, "fields": {"incentive_person": 1}}, {"model": "app.incentiveledger", "pk": 206, "fields": {"incentive_person": 1}}, {"model": "app.incentiveledger", "pk": 210, "fields": {"incentive_person": 1}}, {"model": "app.incentiveledger", "pk": 220, "fields": {"incentive_person": 1}}, {"model": "app.incentiveledger", "pk": 224, "fields": {"incentive_person": 1}}, {"model": "app.incentiveledger", "pk": 228, "fields": {"incentive_person": 1}}, {"model": "app.incentiveledger", "pk": 234, "fields": {"incentive_person": 1}}, {"model": "app.incentiveledger", "pk": 250, "fields": {"incentive_person": 1}}, {"model": "app.incentiveledger", "pk": 272, "fields": {"incentive_person": 1}}, {"model": "app.partyorder", "pk": 75, "fields": {"date": "2021-11-12", "party": 19, "sale_officer": 11, "status": "Delivered", "description": "asd", "freight": 1000.0, "locations": "[\"fsd\"]", "total_amount": 2200.0, "pandding_amount": 0, "discounted_amount": 440.0, "gross_total": 4000.0, "pl": 214, "plc1": 215, "plc2": 216, "sl": 208, "sol": 209, "il": 210, "fl": 211, "dl": 217}}, {"model": "app.partyorder", "pk": 76, "fields": {"date": "2021-11-12", "party": 19, "sale_officer": 11, "status": "Confirmed", "description": "s", "freight": 100.0, "locations": "[\"fsd\"]", "total_amount": 38300.0, "pandding_amount": 28710, "discounted_amount": 9600.0, "gross_total": 48000.0, "pl": null, "plc1": null, "plc2": null, "sl": 226, "sol": 227, "il": 228, "fl": 229, "dl": null}}, {"model": "app.partyorder", "pk": 77, "fields": {"date": "2021-11-12", "party": 19, "sale_officer": 10, "status": "Confirmed", "description": "12", "freight": 100.0, "locations": "[\"fsd\"]", "total_amount": 3100.0, "pandding_amount": 3100, "discounted_amount": 620.0, "gross_total": 4000.0, "pl": null, "plc1": null, "plc2": null, "sl": 222, "sol": 223, "il": 224, "fl": 225, "dl": null}}, {"model": "app.partyorder", "pk": 78, "fields": {"date": "2021-11-12", "party": 19, "sale_officer": 10, "status": "Confirmed", "description": "sada", "freight": 100.0, "locations": "[\"fsd\"]", "total_amount": 33500.0, "pandding_amount": 31900, "discounted_amount": 6700.0, "gross_total": 42000.0, "pl": null, "plc1": null, "plc2": null, "sl": 218, "sol": 219, "il": 220, "fl": 221, "dl": null}}, {"model": "app.partyorder", "pk": 80, "fields": {"date": "2021-11-13", "party": 19, "sale_officer": 10, "status": "Pending", "description": "kmdas", "freight": 0.0, "locations": "[\"FSD\"]", "total_amount": 3200.0, "pandding_amount": 3100, "discounted_amount": 800.0, "gross_total": 4000.0, "pl": null, "plc1": null, "plc2": null, "sl": null, "sol": null, "il": null, "fl": null, "dl": null}}, {"model": "app.partyorder", "pk": 83, "fields": {"date": "2021-11-18", "party": 19, "sale_officer": 10, "status": "Pending", "description": "Order detail\n First choice\nChichawatni\n 03473723700\n\nStop1 Afzaal 109/7R\n25sp 25bags\n\nM. Arshad \n27HD 40 Bags \n\nStop2 Ada khoi\n25sp 40bags\n27Hd 40bags\n\nStop3 Afzal 90/12L\n25p 100bags\n(Into 25Special bags)\n\nStop4 medicel store 90mord\n25p 15bags\n25sp 15bags\n\nStop5 sajad shah 95/12L\n25p 20bags\n\n shahbaaz 95/12L\n25p 20bags\n\nStop6 Haji khalid 84/12L\n25p 40bags\n\nTotal bags 355 bags", "freight": 1000.0, "locations": "[\"fsd\"]", "total_amount": 11784.0, "pandding_amount": 11784, "discounted_amount": 3196.0, "gross_total": 15980.0, "pl": null, "plc1": null, "plc2": null, "sl": null, "sol": null, "il": null, "fl": null, "dl": null}}, {"model": "app.partyorder", "pk": 84, "fields": {"date": "2021-11-19", "party": 19, "sale_officer": 10, "status": "Pending", "description": "asda", "freight": 100.0, "locations": "[\"fsd\"]", "total_amount": 31900.0, "pandding_amount": 31900, "discounted_amount": 8000.0, "gross_total": 40000.0, "pl": null, "plc1": null, "plc2": null, "sl": null, "sol": null, "il": null, "fl": null, "dl": null}}, {"model": "app.partyorder", "pk": 85, "fields": {"date": "2021-11-19", "party": 20, "sale_officer": 10, "status": "Pending", "description": "asdad", "freight": 100.0, "locations": "[\"das\"]", "total_amount": 220.0, "pandding_amount": -780, "discounted_amount": 80.0, "gross_total": 400.0, "pl": null, "plc1": null, "plc2": null, "sl": null, "sol": null, "il": null, "fl": null, "dl": null}}, {"model": "app.partyorder", "pk": 86, "fields": {"date": "2021-11-19", "party": 19, "sale_officer": 10, "status": "Delivered", "description": "asd", "freight": 122.0, "locations": "[\"fsd\"]", "total_amount": 5948.4, "pandding_amount": 5947, "discounted_amount": 1517.6000000000001, "gross_total": 7588.0, "pl": 236, "plc1": 237, "plc2": 238, "sl": 232, "sol": 233, "il": 234, "fl": 235, "dl": 239}}, {"model": "app.partyorder", "pk": 90, "fields": {"date": "2021-11-23", "party": 19, "sale_officer": 10, "status": "Pending", "description": "", "freight": 100.0, "locations": "[\"fsd\"]", "total_amount": 3100.0, "pandding_amount": 2100, "discounted_amount": 800.0, "gross_total": 4000.0, "pl": null, "plc1": null, "plc2": null, "sl": null, "sol": null, "il": null, "fl": null, "dl": null}}, {"model": "app.partyorder", "pk": 91, "fields": {"date": "2021-11-23", "party": 19, "sale_officer": 11, "status": "Pending", "description": "d,a", "freight": 100.0, "locations": "[\"fsd\"]", "total_amount": 3100.0, "pandding_amount": -96900, "discounted_amount": 800.0, "gross_total": 4000.0, "pl": null, "plc1": null, "plc2": null, "sl": null, "sol": null, "il": null, "fl": null, "dl": null}}, {"model": "app.partyorder", "pk": 97, "fields": {"date": "2021-11-24", "party": 19, "sale_officer": 10, "status": "Pending", "description": "dsd", "freight": 100.0, "locations": "[\"fsd\"]", "total_amount": 4700.0, "pandding_amount": 4700, "discounted_amount": 1200.0, "gross_total": 6000.0, "pl": null, "plc1": null, "plc2": null, "sl": null, "sol": null, "il": null, "fl": null, "dl": null}}, {"model": "app.partyorder", "pk": 98, "fields": {"date": "2021-11-24", "party": 19, "sale_officer": 11, "status": "Pending", "description": "sd", "freight": 0.0, "locations": "[\"fsd\"]", "total_amount": 32000.0, "pandding_amount": 32000, "discounted_amount": 8000.0, "gross_total": 40000.0, "pl": null, "plc1": null, "plc2": null, "sl": null, "sol": null, "il": null, "fl": null, "dl": null}}, {"model": "app.partyorder", "pk": 99, "fields": {"date": "2021-11-24", "party": 19, "sale_officer": 10, "status": "Pending", "description": "ddasd", "freight": 100.0, "locations": "[\"fsd\"]", "total_amount": 3100.0, "pandding_amount": 3100, "discounted_amount": 800.0, "gross_total": 4000.0, "pl": null, "plc1": null, "plc2": null, "sl": null, "sol": null, "il": null, "fl": null, "dl": null}}, {"model": "app.partyorder", "pk": 100, "fields": {"date": "2021-11-24", "party": 19, "sale_officer": 10, "status": "Pending", "description": "ddasd", "freight": 100.0, "locations": "[\"fsd\"]", "total_amount": 3100.0, "pandding_amount": 3100, "discounted_amount": 800.0, "gross_total": 4000.0, "pl": null, "plc1": null, "plc2": null, "sl": null, "sol": null, "il": null, "fl": null, "dl": null}}, {"model": "app.partyorder", "pk": 101, "fields": {"date": "2021-11-24", "party": 19, "sale_officer": 10, "status": "Pending", "description": "ddasd", "freight": 100.0, "locations": "[\"fsd\"]", "total_amount": 3100.0, "pandding_amount": 3100, "discounted_amount": 800.0, "gross_total": 4000.0, "pl": null, "plc1": null, "plc2": null, "sl": null, "sol": null, "il": null, "fl": null, "dl": null}}, {"model": "app.partyorder", "pk": 102, "fields": {"date": "2021-11-24", "party": 19, "sale_officer": 10, "status": "Delivered", "description": "dasd", "freight": 100.0, "locations": "[\"fsd\"]", "total_amount": 3100.0, "pandding_amount": 3100, "discounted_amount": 800.0, "gross_total": 4000.0, "pl": 274, "plc1": 275, "plc2": 276, "sl": 270, "sol": 271, "il": 272, "fl": 273, "dl": 277}}, {"model": "app.partyorderproduct", "pk": 148, "fields": {"party_order": 75, "product": 1, "qty": 20, "rate": 200}}, {"model": "app.partyorderproduct", "pk": 156, "fields": {"party_order": 77, "product": 1, "qty": 20, "rate": 200}}, {"model": "app.partyorderproduct", "pk": 158, "fields": {"party_order": 76, "product": 1, "qty": 200, "rate": 200}}, {"model": "app.partyorderproduct", "pk": 159, "fields": {"party_order": 78, "product": 1, "qty": 200, "rate": 200}}, {"model": "app.partyorderproduct", "pk": 160, "fields": {"party_order": 78, "product": 4, "qty": 10, "rate": 200}}, {"model": "app.partyorderproduct", "pk": 190, "fields": {"party_order": 80, "product": 4, "qty": 20, "rate": 200}}, {"model": "app.partyorderproduct", "pk": 208, "fields": {"party_order": 83, "product": 1, "qty": 20, "rate": 200}}, {"model": "app.partyorderproduct", "pk": 209, "fields": {"party_order": 83, "product": 1, "qty": 30, "rate": 200}}, {"model": "app.partyorderproduct", "pk": 210, "fields": {"party_order": 83, "product": 6, "qty": 20, "rate": 299}}, {"model": "app.partyorderproduct", "pk": 211, "fields": {"party_order": 84, "product": 1, "qty": 200, "rate": 200}}, {"model": "app.partyorderproduct", "pk": 212, "fields": {"party_order": 85, "product": 1, "qty": 1, "rate": 200}}, {"model": "app.partyorderproduct", "pk": 213, "fields": {"party_order": 85, "product": 4, "qty": 1, "rate": 200}}, {"model": "app.partyorderproduct", "pk": 217, "fields": {"party_order": 86, "product": 1, "qty": 10, "rate": 200}}, {"model": "app.partyorderproduct", "pk": 218, "fields": {"party_order": 86, "product": 6, "qty": 12, "rate": 299}}, {"model": "app.partyorderproduct", "pk": 219, "fields": {"party_order": 86, "product": 4, "qty": 10, "rate": 200}}, {"model": "app.partyorderproduct", "pk": 227, "fields": {"party_order": 90, "product": 4, "qty": 20, "rate": 200}}, {"model": "app.partyorderproduct", "pk": 228, "fields": {"party_order": 91, "product": 1, "qty": 20, "rate": 200}}, {"model": "app.partyorderproduct", "pk": 234, "fields": {"party_order": 97, "product": 1, "qty": 30, "rate": 200}}, {"model": "app.partyorderproduct", "pk": 235, "fields": {"party_order": 98, "product": 1, "qty": 200, "rate": 200}}, {"model": "app.partyorderproduct", "pk": 236, "fields": {"party_order": 99, "product": 1, "qty": 20, "rate": 200}}, {"model": "app.partyorderproduct", "pk": 237, "fields": {"party_order": 100, "product": 1, "qty": 20, "rate": 200}}, {"model": "app.partyorderproduct", "pk": 238, "fields": {"party_order": 101, "product": 1, "qty": 20, "rate": 200}}, {"model": "app.partyorderproduct", "pk": 239, "fields": {"party_order": 102, "product": 1, "qty": 20, "rate": 200}}, {"model": "app.recovery", "pk": 30, "fields": {"date": "2021-11-12", "party": 19, "status": "Approved", "party_order": 75, "sale_officer": 11, "payment_method": "Cash", "bank": null, "amount": 220.0, "description": "ds", "attachments": "", "sl": null, "pl": 212, "bl": null, "cl": 213, "cll": null}}, {"model": "app.recovery", "pk": 31, "fields": {"date": "2021-11-12", "party": 19, "status": "Approved", "party_order": 76, "sale_officer": 11, "payment_method": "Cash", "bank": null, "amount": 3190.0, "description": "", "attachments": "", "sl": null, "pl": 264, "bl": null, "cl": 265, "cll": null}}, {"model": "app.recovery", "pk": 32, "fields": {"date": "2021-11-12", "party": 19, "status": "Pending", "party_order": 78, "sale_officer": 10, "payment_method": "Cash", "bank": null, "amount": 31900.0, "description": "12", "attachments": "", "sl": null, "pl": null, "bl": null, "cl": null, "cll": null}}, {"model": "app.recovery", "pk": 33, "fields": {"date": "2021-11-17", "party": 19, "status": "Approved", "party_order": 80, "sale_officer": 10, "payment_method": "Cash", "bank": null, "amount": 100.0, "description": "asda", "attachments": "", "sl": null, "pl": 230, "bl": null, "cl": 231, "cll": null}}, {"model": "app.recovery", "pk": 34, "fields": {"date": "2021-11-18", "party": 19, "status": "Pending", "party_order": 83, "sale_officer": 10, "payment_method": "Bank", "bank": 4, "amount": 2000.0, "description": "alsd mkl kl skc ks cksmkmsakcmkas  sk l  7 mlsca\na\ndla;dlams\nadlmsadma\ndmal;sd\nadmasld\nasdmasd\nasmsdpas\ndas\ndsa[d[a[sdmas\ndasd\nasldkasdasd\n\nasdkas\ndlsalmd\n[asdmsa\ndlmsad\nsadlsa\ndmas\ndasmdlas]dm,as\ndmsa]dsamd\nas,da]s\nda,smd\nsamdsa\ndmasmdsa\ndmsa]\ndmasdkasmdk\nasdmasdka", "attachments": "", "sl": null, "pl": null, "bl": null, "cl": null, "cll": null}}, {"model": "app.recovery", "pk": 35, "fields": {"date": "2021-11-23", "party": 19, "status": "Approved", "party_order": 85, "sale_officer": 10, "payment_method": "Bank", "bank": 5, "amount": 1000.0, "description": "asd", "attachments": "Recovery Attachments/iTunesArtwork2x.png", "sl": null, "pl": 256, "bl": 257, "cl": null, "cll": null}}, {"model": "app.recovery", "pk": 36, "fields": {"date": "2021-11-23", "party": 19, "status": "Approved", "party_order": 90, "sale_officer": 10, "payment_method": "Cash", "bank": null, "amount": 10000.0, "description": "", "attachments": "", "sl": null, "pl": 262, "bl": null, "cl": 263, "cll": null}}, {"model": "app.recovery", "pk": 37, "fields": {"date": "2021-11-23", "party": 19, "status": "Approved", "party_order": 91, "sale_officer": 11, "payment_method": "Cash", "bank": null, "amount": 100000.0, "description": "", "attachments": "", "sl": null, "pl": 260, "bl": null, "cl": 261, "cll": null}}, {"model": "app.recovery", "pk": 40, "fields": {"date": "2021-12-06", "party": 19, "status": "Approved", "party_order": null, "sale_officer": 11, "payment_method": "Bank", "bank": 4, "amount": 30000.0, "description": "asdadsad as wd", "attachments": "", "sl": null, "pl": 266, "bl": 267, "cl": null, "cll": null}}, {"model": "app.recovery", "pk": 41, "fields": {"date": "2021-12-06", "party": 20, "status": "Approved", "party_order": null, "sale_officer": 11, "payment_method": "Bank", "bank": 4, "amount": 10000.0, "description": "sadad", "attachments": "Recovery Attachments/pic_EO7pcS8.jpg", "sl": null, "pl": 268, "bl": 269, "cl": null, "cll": null}}, {"model": "app.dispatchtable", "pk": 13, "fields": {"driver": "waqas", "freight": 1000, "vehical_no": "SLK-6179", "cell_no": "03127073731", "bulty_no": "0213", "gate_pass": "222", "party_order": 75, "locations": "[\"fsd\"]"}}, {"model": "app.dispatchtable", "pk": 14, "fields": {"driver": "Any", "freight": 122, "vehical_no": "SLK -4689", "cell_no": "03127073731", "bulty_no": "gts 123", "gate_pass": "qe", "party_order": 86, "locations": "[\"fsd\"]"}}, {"model": "app.dispatchtable", "pk": 17, "fields": {"driver": "Any", "freight": 100, "vehical_no": "SLK-6179", "cell_no": "03127073731", "bulty_no": "1300", "gate_pass": "001122", "party_order": 102, "locations": "[\"fsd\"]"}}]